clientId,INC,ApnaDal,SP,RLD,BJP,BSP
4b0ef526-8303-43ad-a79d-312ed771debd,Very far,Very far,Very far,Very far,Very inclined,Very far
5cf15af2-1bfd-4122-9272-069a99247190,Very far,Very far,Very far,Very far,Very inclined,Very far
1fddf4f0-2d25-41a2-ba8a-088cca3ecaf8,Very far,Very far,Very inclined,Very far,Very far,Very far
e32b3a55-683d-46da-a598-cd157b03497c,Very far,Very far,Very far,Very far,Very inclined,Very far
5213d059-12c8-45e3-9fef-04d1879055df,Very far,Very far,Very far,Very far,Very inclined,Very far
438ffe26-9289-4277-a546-34be8014ead0,Very inclined,Very far,Very inclined,Very far,Very far,Very far
07284d67-9c0c-4c9d-bd8d-7062790ae7e0,Very far,Very far,Very far,Very far,Very inclined,Very far
721a44f7-c8b1-46cb-aa8c-4c89f263f5d9,Very far,Very far,Very far,Very far,Very inclined,Very far
18f28fbd-af52-4a7f-8251-b0a3df08bc79,Very far,Very far,Very far,Very far,Inclined,Very far
b6e1fee1-3cd6-4c6c-9151-9d841605201d,Very far,Very far,Very far,Very far,Very far,Very far
37d8e53f-86d2-472f-9c4c-93d8fc913ddf,Very far,Very far,Very far,Very far,Very inclined,Very far
f82fd7a6-6f12-402d-bb86-32894904b534,Very far,Very far,Very far,Very far,Very inclined,Very far
22a001e7-3433-476f-b45d-550c2c278e80,Very far,Very far,Very far,Very far,Very inclined,Very far
afc26204-571c-462f-bd20-de3c76b184d2,Very far,Very far,Very far,Very far,Inclined,Very inclined
5828dbd5-3d48-4026-91df-d6234f281daa,Very far,Very far,Very far,Very far,Very inclined,Very far
8938bc97-c684-41b6-b1f8-97e62a86af6f,Very inclined,Very far,Very far,Very far,Very inclined,Very far
ea58ecba-8863-4a98-8b12-4d37aec3bd72,Far,Very far,Very inclined,Very far,Very far,Very far
9fd72154-e939-4fb2-9970-cfec4a989213,Far,Very far,Far,Far,Far,Inclined
3bb340c3-17a4-41ee-b60e-898ca4bcbdc3,Very far,Very far,Far,Very far,Inclined,Inclined
7976aa54-db83-4a83-803f-a7d40e534901,Very far,Very far,Very far,Very far,Very inclined,Very far
b85f579c-fc00-4185-a53d-577059bbca21,Very far,Very far,Very far,Very far,Very far,Very far
cff6d03e-932c-4d0a-87bb-753891a589e9,Very far,Very far,Very far,Very far,Very inclined,Very far
bf9bb51f-eaa8-4ac8-87b6-c69dd4421f27,Far,Very inclined,Very far,Inclined,Inclined,Far
fef3595a-e04b-4542-95ad-d37a8dd7d96c,Very far,Very far,Very far,Very far,Very inclined,Very far
1d169b32-9e0c-4600-a1d1-32f87d9167b6,Very far,Very far,Very far,Very far,Very inclined,Very far
7169f134-f24b-43d0-b1d4-9274c22316db,Very far,Very far,Very far,Very far,Very inclined,Inclined
e8aa6401-927e-4d80-9cc8-80b96755edfa,Very far,Very far,Very inclined,Very far,Very far,Very far
ba368ee8-f87c-43d2-a525-9e40280cf915,Very inclined,Very far,Very far,Very far,Very inclined,Very far
9f89b64e-f7df-4ee0-896b-5e59eb6a899c,Very far,Very far,Inclined,Very far,Inclined,Very far
32e0e49f-3d2e-4c3d-b5fa-aa00ecd1a44f,Very far,Very far,Very inclined,Very far,Very far,Very far
6a9c30af-7107-4abe-9f68-aefc9fbd288b,Very far,Very far,Very far,Very far,Very inclined,Very far
54928773-0479-4291-bbaa-9e6ced2814f9,Far,Very far,Very inclined,Very far,Inclined,Inclined
75d0ac23-f4ee-440e-991c-77ba1313bf75,Very far,Very far,Very far,Very far,Very inclined,Very far
61faa46e-7616-47ed-9a00-9e45ab29660d,Very far,Very far,Far,Very far,Very inclined,Very far
15b7ab20-4735-48fc-bbbc-cb7c422a805f,Very far,Very far,Very far,Very far,Inclined,Very far
7f159446-eca3-4553-9bdc-2637ad2f11f2,Far,Very far,Inclined,Very far,Inclined,Inclined
cdc26195-e907-4e21-b570-b1b2bf8e8ffd,Very far,Very far,Very far,Very far,Very inclined,Very far
5aba6070-a29e-42d5-a535-6ef075a1ebdc,Very far,Very far,Very far,Very far,Very inclined,Very far
55042450-0d92-4c68-96d9-b35b91abc688,Inclined,Very inclined,Very inclined,Very inclined,Very inclined,Very inclined
317dc066-7d92-41e3-ba51-4ee4b861d47e,Very far,Very far,Very far,Very far,Very inclined,Very far
e03102dd-0c4f-42a5-b5da-0ed19a909f73,Inclined,Far,Far,Far,Inclined,Far
ec7173a1-c6f4-4823-8caa-934a903407d3,Very far,Very far,Inclined,Very far,Inclined,Inclined
8e11c128-6c30-42c2-bf5a-61eaf02658f3,Very inclined,Inclined,Inclined,Inclined,Inclined,Inclined
dd2f6fb9-d705-4863-a393-9ee1155c8dd7,Very far,Very far,Very far,Very far,Very inclined,Very far
fbc45e28-086a-489a-87b3-1d7f8976376d,Very far,Very far,Very far,Very far,Very inclined,Very far
c1818fa7-4f67-4689-a77c-b8992ddc71b1,Very far,Very far,Very inclined,Very far,Inclined,Very far
d91d1b0a-e61c-4b1d-b829-2f973ac887e9,Far,Far,Far,Far,Far,Far
acfdfa98-bbad-403b-8aa0-547a4f41f3f5,Far,Very far,Far,Very far,Inclined,Very far
cf354743-e5b7-4378-9c85-55d25b9f7fe9,Very far,Very far,Very far,Very far,Inclined,Inclined
49271f6b-79c5-4f1f-ad6b-2cb90e1ed84f,Very far,Very far,Very far,Very far,Very inclined,Very far
c07dfc09-f9d2-4cf1-9b8b-8587ce3daad6,Very far,Very far,Very far,Very far,Very inclined,Very far
14bbdbe5-44da-4e47-bd82-bbe6b7ee31db,Very far,Very far,Very far,Very far,Very inclined,Very far
305eb6f7-9489-43bd-9c90-4cdf3b049fc3,Far,Very far,Very far,Very far,Inclined,Very far
45385d14-8c57-4af1-98c8-f282ad4ceca6,Far,Very far,Inclined,Inclined,Inclined,Very inclined
9e5b1dfd-911e-4211-8f43-0eba5c5c8b53,Very far,Very far,Very far,Very far,Very inclined,Very far
decf4afd-bba1-4b5c-9522-6e45e8a2d687,Very far,Very far,Very far,Very far,Very inclined,Very far
92271916-552c-4930-9fa5-ab9d11394479,Very far,Far,Far,Far,Very inclined,Far
752d8185-56ec-4d05-b5bb-050e93eb1ef0,Very far,Very far,Very far,Very far,Very inclined,Very far
8f09ab5d-517f-4364-9910-18cb95c172e4,Very far,Very far,Inclined,Very far,Very far,Very far
94d7000e-be54-4e4b-9490-df63f5b2bc0f,Very far,Very far,Very far,Very far,Very inclined,Very far
bd13efd6-0527-47c9-8f56-829016e3a148,Inclined,Very far,Inclined,Very far,Very inclined,Very far
f6e2a422-7fb6-4499-8ab9-4c9b10cd685b,Very far,Very far,Very far,Very far,Very inclined,Very far
025779de-ad0b-479a-b566-9ac60debb7b3,Very far,Very far,Inclined,Very far,Inclined,Very far
e4801a55-ea16-44cb-b0c7-e65ab0b95111,Very far,Very far,Very far,Very far,Very inclined,Very far
7377fb91-549f-4ee1-82a3-0edf04661581,Inclined,Inclined,Inclined,Inclined,Inclined,Inclined
45538c88-397b-46e8-aa5b-b185a8664b5e,Very far,Very far,Very far,Very far,Very inclined,Very far
0c94feb7-6acc-4f61-afb2-26d5640d998f,Very far,Very far,Inclined,Very far,Inclined,Very far
3586bd58-e143-4ca0-a146-4c4393f66cd5,Very inclined,Very far,Very far,Very far,Very inclined,Very far
1a7ce7fb-fb1b-4d4b-b718-96faa2686e31,Very far,Very far,Very far,Very far,Very inclined,Very far
ae10351d-1531-408d-9957-371413e3f376,Very far,Very far,Very inclined,Very far,Very far,Very far
0219a75f-f6fd-46a3-9e66-c695d002f7aa,Very far,Very far,Very far,Very far,Inclined,Very far
ccc8c085-24c6-41a5-9405-3f33c15ea4b8,Very far,Very far,Very far,Very far,Very inclined,Very far
89fab362-2884-4216-b1bb-404ae09b1dbe,Very far,Very far,Very far,Very far,Far,Far
c3acb7e4-cccc-4da3-9a16-37b92b1bf2d3,Very far,Very inclined,Far,Very inclined,Inclined,Far
b62beeb1-c2c0-42c9-a378-eae8f9ee7584,Very far,Very far,Very inclined,Very far,Very far,Very far
e4b73032-da32-4405-ad49-e54c67c9e5cd,Very far,Very far,Very far,Very far,Very inclined,Very far
1af9f415-9284-45c6-9cc8-425eb8e0a257,Very far,Very far,Very far,Very far,Inclined,Very far
02ccedf4-14e8-4639-ac41-00013632d6a6,Far,Very far,Far,Very far,Far,Very inclined
819c9baf-a15b-4b25-9917-408e7d15edd3,Very inclined,Very far,Very inclined,Very far,Very inclined,Far
65e16ad1-1b3f-45ce-9b33-7a539be1c1f7,Very far,Very far,Very far,Very far,Very inclined,Very far
cd410f41-44b0-4e54-aaed-f16d63d80d14,Very far,Very far,Very far,Very far,Very inclined,Very far
04a916ed-d1df-48ed-b5d9-c40e09ef47d9,Very far,Very far,Very far,Very far,Very inclined,Very far
bd34e7cc-47c7-4329-851b-31c9ddb3d51c,Far,Very inclined,Inclined,Very inclined,Inclined,Very inclined
bd480a57-9f15-4032-8ff1-3fc8b7c13efc,Very far,Very far,Very inclined,Very far,Far,Very far
92cb8509-4517-4b20-83db-ebea6924e222,Very far,Very far,Very far,Very far,Very inclined,Very far
57a04c46-6ced-4b7a-9916-2606594c07fc,Very far,Very far,Very inclined,Very far,Very far,Very far
b7a397ed-6066-4a94-bd01-a325c68ba67c,Very far,Very far,Very far,Very far,Very inclined,Very far
d6af7b00-d4ab-4a7d-a227-3c82c7bf2302,Very far,Very far,Very far,Very far,Very inclined,
b494af65-4031-4e10-9c36-9a1620e6449d,Far,Very far,Very far,Very far,Very inclined,Very far
9e1251c7-955f-494b-8e1f-65bccbea445b,Very far,Very far,Very far,Very far,Very inclined,Very far
cdb7937e-4668-4d4d-aa5a-d165de2f71f5,Very far,Very far,Very inclined,Very far,Very far,Very far
1dd4a698-0d23-4d14-8430-f4676b6e8acf,Very far,Very far,Very far,Very far,Very inclined,Very far
bde26901-6565-49f8-a5c5-1f577fece60f,Very far,Very far,Very inclined,Very far,Very far,Very far
ca4c1597-bb43-42b1-870f-8989e5727f95,Very inclined,Very far,Very far,Very far,Very inclined,Very far
35fc33ae-f5f6-48dd-94d7-a010bab698fc,Far,Very far,Inclined,Very far,Very inclined,Very far
741cb841-0d52-44d6-89c3-2d0434ef0e91,Very inclined,Very far,Very far,Very far,Very inclined,Very far
c1dab302-29e6-4edc-b475-0037af251963,Very far,Very far,Very inclined,Very far,Very far,Very far
cb04c7d9-788a-4d36-bf50-63fc91aaa840,Far,Very far,Very far,Very far,Inclined,Very far
34ffced7-6e82-4d5e-8ca9-d3bf3982244d,Very far,Very far,Very far,Very far,Very inclined,Very far
39727105-6191-43ab-98aa-ba84c1420923,Very far,Very far,Very inclined,Very far,Very far,Very far
4341deb8-0ef5-4447-989b-2599238ae810,Far,Very far,Far,Very far,Inclined,Very far
3fa6fe84-e460-4781-b365-272003f3a0ad,Very far,Very far,Very inclined,Very far,Very far,Very far
b32f99a6-8455-4d2b-bbd3-1251b7aa2cc0,Very far,Very far,Very far,Very far,Very inclined,Very far
fc3ae3cc-7332-468f-b36d-1bf80f98b960,Very far,Very far,Inclined,Very far,Very inclined,Very far
a09614ef-af29-490e-bcd7-500e54e00a7d,Very inclined,Very far,Very far,Very far,Very far,Very far
a9f242dd-fdb2-40f4-aa11-78d82966abdc,Very far,Very far,Very far,Very far,Very inclined,Very far
d1d9f42d-f7ff-4699-8201-c8caae5b49f5,Very far,Very far,Very far,Very far,Very inclined,Very far
80223076-ddde-4703-b9f0-7115fe4d7f1c,Very far,Very far,Very far,Very far,Very inclined,Very far
8588cc67-f17b-47f6-9ac5-2df177c6cc6d,Very far,Very far,Very far,Very far,Very inclined,Very far
21195ae9-2fa7-4699-85a2-539779d5e9af,Very far,Very far,Very far,Very far,Very inclined,Very far
3ca27374-7462-4848-a702-82cca99f20b8,Very far,Very far,Very far,Very far,Inclined,Very far
1a36b5b6-73a3-4c91-a556-d7b8817cee41,Very far,Very far,Very far,Very far,Very inclined,Very far
76bad1ea-0718-412f-9f7f-af6d797a947c,Very far,Very far,Very far,Very far,Very inclined,Very far
405313d4-8ab5-4a1b-ab30-bab004d582a5,,Very far,Far,Very far,Very inclined,Inclined
42d3523a-5aa0-4375-9c2d-76f02d23d593,Very far,Very far,Very far,Very far,Very inclined,Very far
64268991-0159-4fb0-bf75-a7e914dd1d66,Very far,Very far,Very far,Very far,Very inclined,Very far
c14767e6-29f8-4cb7-b43e-64449651d250,Very far,Very far,Very inclined,Very far,Very far,Very far
683b2921-5072-4678-87e1-092be3c76ba2,Very inclined,Very far,Very inclined,Very far,Very far,Very far
07e759d6-b221-4120-b993-af972886f094,Far,Very far,Inclined,Very far,Far,Very far
b8201ae3-0cfe-4351-99d1-8801ea40d324,Very far,Very far,Very far,Very far,Very inclined,Very far
6b40c0b1-f342-4caa-9cce-d8a52a55e053,Inclined,Inclined,Inclined,Inclined,Inclined,Inclined
a83e1aa9-c5de-4a30-b767-ee8a47126fc8,Very far,Very far,Very far,Very far,Very inclined,Very far
b493520e-b408-440e-b639-984cdf72c653,Very far,Very inclined,Very far,Very far,Very inclined,Very far
041ffd1b-27e1-4799-b94d-9d44b1010a5d,Very far,Very far,Very far,Very far,Very inclined,Very far
dc54ff8b-f4f6-406a-b33e-d98d9e3369a8,Very far,Inclined,Inclined,Very far,Very inclined,Very far
f88f4484-e23b-4503-b939-3fddadf02960,Very far,Very far,Very far,Very far,Very inclined,Very far
0ff37203-1156-44bc-8620-119c4dab427b,Far,Very far,Far,Far,Far,Inclined
2eabffa8-9097-45af-a951-da36d32c68c7,Very far,Very far,Very far,Very far,Very inclined,Very far
96525ce2-28dd-43a0-b475-320977208469,Very far,Very far,Very far,Very far,Very inclined,Very far
fc0a6a6e-8c73-499a-a8f8-afb01b2853f7,Very far,Very far,Very far,Very far,Very inclined,Very far
ad3ab009-7048-4720-89a5-88cd17c890ab,Very far,Very far,Very inclined,Very far,Very far,Very far
5e3b993c-74aa-4659-84a1-d53bed98d5ce,Very far,Very far,Very far,Very far,Very inclined,Very far
ac99da7d-7f6d-4bf4-aeb2-b9b5fdcaa5d6,Very far,Very far,Very inclined,Inclined,Very far,Very far
f91fdd83-fc80-44d0-b3f8-931f35627003,Very far,Very far,Very far,Very far,Very inclined,Very far
ba029e3a-fc52-432b-82b2-6f8f261a7af9,Very far,Very far,Inclined,Very far,Very inclined,Very far
90315baf-4754-4048-a9f9-6ba2c87a51d7,Very far,Very far,Very far,Very far,Very inclined,Very far
57aafdc2-3f0b-43cf-b420-950c67509675,Very far,Very far,Very far,Very far,Very inclined,Very far
b476eea3-3381-4dad-b9d2-8b693e03e53b,Very far,Very far,Very far,Very far,Very inclined,Very far
c62c3c79-d81d-47e7-8396-eff30caf15c3,Very far,Very far,Very far,Very far,Very inclined,Very far
28c8f1be-9902-4727-a0ff-244cfe213363,Very far,Very far,Very far,Very far,Very far,Very far
1eb271e3-15fe-4de7-8bde-47f104277feb,Very far,Very far,Very far,Very far,Very inclined,Very far
6aa45e4d-ba1a-4739-bcf6-4850874fde79,Very far,Very far,Very far,Very far,Very inclined,Very far
920ec45a-fbd7-4c9a-be2b-0c505ee932ae,Very far,Inclined,Very inclined,Inclined,Very inclined,Inclined
d95dcde6-df34-45ef-bed1-01b39e2c8bea,Very inclined,Very far,Inclined,Very far,Very inclined,Very far
ee7b7586-7a13-4e64-8700-ddd4677a5c48,Inclined,Very far,Very inclined,Very far,Very far,Very far
7ad165e8-a384-4af5-92c9-6ae749ca8567,Very far,Very far,Very far,Very far,Very inclined,Very far
1b5da7d8-0b14-45f3-824c-bd19df8799f4,Very far,Very far,Very inclined,Very far,Very far,Very far
2562c32f-d202-4fd9-83e9-a749ae6be573,Very far,Very far,Very far,Very far,Very far,Very inclined
f7c8b129-afb6-4304-8642-e7467bb6fac0,Very far,Inclined,Very far,Very far,Very inclined,Very far
0bb5e112-a3a7-4291-8d91-03318b7e74e0,Very far,Very far,Very far,Very far,Inclined,Very far
66a503f4-e96e-4ca2-b9b7-00324f0dbf50,Far,Far,Far,Far,Very far,Far
e5aaf524-bab4-4f6b-8c60-cad070083bc5,Very far,Very far,Very far,Very far,Very inclined,Very far
b1ef8f63-b8b7-4617-9a3d-25763a37ced5,Very far,Very far,Far,Very far,Inclined,Very far
fc0c61d8-c2d9-48d5-8f87-bee54eac6ad2,Very far,Very far,Very far,Very far,Very inclined,Very far
95b572f6-b6bd-4322-b38e-8e800c91bfca,Very far,Very far,Very inclined,Inclined,Very far,Very far
780f26a9-2746-48d3-b2de-a6adafd4d1dd,Far,Very far,Very inclined,Very far,Inclined,Very far
6deea1e9-42c4-4e62-b167-2aefdfedac51,Very far,Very far,Very far,Very far,Very inclined,Very far
d89142b3-7877-45d0-a8e7-18efb11188b7,Very far,Very far,Very far,Very far,Very inclined,Very far
2eedab1c-8d1f-4d13-80ff-c8ae82a71b44,Very far,Very far,Very far,Very far,Very far,Very far
091d726e-87ac-46e9-8fd9-12ed6a45c1bf,Very far,Very far,Very far,Very far,Very inclined,Very far
1740fa28-a894-44fc-806a-acc0ab00e332,Very far,Very far,Very far,Very far,Very inclined,Very far
e69df687-1ca2-4e38-9aa3-8d5523e4fabe,Far,Very far,Far,Very far,Inclined,Very far
252fd894-fa19-47b5-8984-d09b12a1ed92,Very far,Very far,Very far,Very far,Very inclined,Very far
fdbfab06-c304-4f33-9e18-e56f1b444778,Inclined,Very far,Very far,Very far,Very far,Very far
1b822c59-b3a0-4cb9-9f66-1c44cc353561,Very far,Very far,Very far,Very far,Very inclined,Very far
fb1df61d-b9d7-4e69-90a4-d9e3f830f7e4,Very far,Very far,Very far,Very far,Very inclined,Very far
09bc7b60-e297-49d7-8704-9990d3a8cc2e,Far,Very far,Very far,Very far,Inclined,Very far
0b2def94-12ae-4ba4-9d22-f668262af328,Very far,Very far,Very far,Very far,Very inclined,Very far
e48bbdd0-5296-4077-9fa2-679393d29bbc,Very far,Very far,Inclined,Very far,Very inclined,Very far
9762a55c-af95-4f70-80a6-8db51ae576bf,Very far,Very far,Inclined,Very far,Inclined,Very far
cc70f89d-32ae-48cc-8954-7013cf243c40,Far,Very far,Far,Very far,Far,Inclined
0af9e4ee-f69b-4fca-a1eb-08a3e0e4cffd,Very far,Very far,Very far,Very far,Very inclined,Very far
53d0f665-1819-405d-a5ad-1a09770a5628,Very far,Very far,Very far,Very far,Very inclined,Very far
16468c27-2c84-4fd7-9265-29d9ccbc4bb0,Very far,Very far,Very far,Very far,Very inclined,Very far
04fc6eb1-db6c-4667-ae38-efe6f3b0a59c,Very far,Very far,Very far,Very far,Very inclined,Very far
13524ba0-f725-48b8-9790-f7244d15b55a,Very far,Very far,Very far,Very far,Very inclined,Very far
39ebc1af-035f-41f0-b6ae-2778d3e23690,Very far,Very far,Very far,Very far,Inclined,Very far
6877b9de-eb11-4d32-bb2a-641884f171dd,Very far,Very far,Very far,Very far,Very inclined,Very far
8a1ce0ea-5551-44d0-9e6b-4d7cd1c727d2,Very far,Very far,Very far,Very far,Very inclined,Very far
28417a92-5dfa-47ab-a6fc-8ad77ca67047,Very inclined,Very inclined,Very inclined,Very inclined,Very inclined,Very inclined
1fba6060-d72e-4148-857a-38147eedb7c1,Very far,Far,Very inclined,Far,Far,Far
e1f8f3ae-2cca-4ef9-b09e-aac3ecba5a03,Very far,Very far,Very far,Very far,Very inclined,Very far
2a3b5b20-12a4-499b-b249-0c4bc4c2f86d,Far,Very far,Far,Very far,Far,Very far
b09a718d-42d5-4a11-a863-a74366e53302,Very far,Very far,Very far,Very far,Very inclined,Very far
884a5c4f-6423-4296-8929-741b3397fd5b,Very far,Very far,Very far,Very far,Inclined,Very far
1aadda27-4a65-4e84-a00f-9c5d08970b89,Far,Far,Inclined,Far,Inclined,Far
37d46605-ca60-4dc6-b611-fafc73e7cf19,Far,Very far,Far,Very far,Inclined,Far
e7662952-feaf-4a6e-8fa2-ea57cdd271fd,Very far,Very far,Very far,Very far,Very inclined,Very far
1f3ae98f-4306-4956-b6f7-004e5b86f9df,Very far,Very far,Inclined,Very far,Inclined,Very far
90bed928-7ba8-455f-a425-d5326a928502,Very far,Very far,Very inclined,Very far,Very far,Very far
0809ed60-49d9-4bdf-8bbb-87359d9f9aac,Very far,Very far,Very inclined,Far,Very far,Far
c9719bed-afca-448c-872a-577bc1ac7c91,Very far,Very far,Very far,Very far,Inclined,Inclined
0f1734bb-0a71-4eff-9a6b-2bd47ad1b0d1,Far,Very far,Very inclined,Very far,Far,Far
ff0f7483-a1a4-42a1-a3cb-6042cd170a55,Very far,Very far,Very far,Very far,Very inclined,Very far
b6da4fb2-028b-4a9d-bbb1-500e5ac730b4,Very far,Very far,Very far,Very far,Very inclined,Very far
ec4dc755-27cd-495d-a1ee-3c88b3d366f4,Far,Very far,Very far,Very far,Inclined,Very far
4de30bd2-bff1-4994-8637-12d930767160,Very far,Very far,Inclined,Very far,Very far,Very far
11a23309-0814-4fcc-a652-931908d36547,Very far,Very far,Very far,Very far,Very inclined,Inclined
257c66a2-c4c2-4d0f-bf71-4756e42ff2db,Very far,Very far,Inclined,Very far,Very inclined,Very far
f5dbb204-1a5a-4b20-bb04-f68dc4afc5d6,Very far,Very far,Very far,Very far,Very inclined,Very far
0cbfa470-2f3b-4a3a-b46a-b10fdd8e1477,Far,Very far,Very inclined,Very far,Very inclined,Very far
e92240b0-7484-4857-940e-83dca7f77b92,Very inclined,Very inclined,Very inclined,Very inclined,Very inclined,Very inclined
73783413-c03f-4e78-983b-9ccd2177d7ce,Far,Far,Far,Far,Inclined,Far
2155d5e0-954c-4762-b6b3-e25078027e60,Very far,Very far,Very inclined,Very far,Very far,Very far
961377a0-61ca-4d8c-b4d8-49c4f4ce06b9,Very far,Inclined,Inclined,Inclined,Very inclined,Very far
5138cfe1-b6cd-4beb-bbbe-33dd545ca316,Very far,Very far,Inclined,Very far,Very inclined,Very far
aee2bdbb-6cf3-4349-86fd-564176486435,Very far,Very far,Very far,Very far,Very inclined,Very far
5a9f96cd-7dc5-4f17-b695-60bc7d82640c,Inclined,Very far,Very inclined,Very far,Very far,Very far
138f2d4f-d026-4a85-8375-660a9136e713,Very far,Very far,Very inclined,Very far,Very far,Very far
fd796adf-a6a8-4756-b004-bd3671e4c934,Very far,Very far,Very far,Far,Very inclined,Very far
fc450181-7ec1-467a-a7dc-141e2f621b64,Very far,Very far,Very far,Very far,Very inclined,Very far
6557be78-87d7-4ae2-9a79-1250130abbfa,Far,Far,Far,Far,Inclined,Far
0da39de5-da1a-4c0c-bc3f-143cb80955da,Very far,Very far,Very far,Very far,Very far,Inclined
a8c2fd33-1fc7-4aa8-9804-324ea17de337,Very far,Very far,Very far,Very far,Far,Very far
7452836b-5534-4fde-82b2-e8e2a3aba1f5,Inclined,Very far,Far,Very far,Inclined,Very far
8ecfd70f-950b-4240-b181-757606a834ab,Very far,Very far,Far,Very far,Inclined,Very far
50b19b43-e91e-48fa-9e07-b8f75039fdd4,Very far,Very far,Very far,Very far,Very inclined,Very far
ec85403c-36b7-4a1b-9954-4dd6f725a99a,Very far,Very far,Very far,Very far,Very inclined,Very far
18b1b816-2965-4a82-914e-c78f7868798c,Very far,Very far,Very far,Very far,Very inclined,Very far
2ed827bc-2977-4af1-8dce-dea52cc30df2,Very far,Very far,Very far,Very far,Very inclined,Very far
482443a8-54df-4459-aa28-5915e165f7e2,Very far,Very far,Very far,Very far,Very inclined,Very far
415adbf2-573b-4189-8b5d-f3c773a26d78,Very far,Very far,Very far,Very far,Very inclined,Very far
7ff59f8c-a4d9-43cf-88a4-65e1f241e71c,Very far,Very far,Very far,Very far,Very inclined,Very far
abf6c114-6321-4745-b90c-066848a97d09,Very far,Very far,Very far,Very far,Very inclined,Very far
39278784-1b42-4c00-9128-ae5a159d7345,Very far,Very far,Very far,Very far,Very inclined,Very far
3a7af893-1cfd-4b7c-87d0-b802702a1811,Very far,Very far,Very inclined,Very far,Very far,Very far
805f2fd8-8398-43de-bff8-027893d5bc3e,Very far,Very far,Very far,Very far,Very far,Very far
ac2fdbde-b8b8-40dc-b62b-6e5dda12e6b2,Far,Very far,Inclined,Very far,Inclined,Far
9c50f90d-9571-4396-931b-0d56f2c91482,Very far,Very far,Very far,Very far,Very far,Very far
546aa8f3-e508-4fad-8be6-87ea0176a5da,Very far,Very far,Very far,Very far,Very inclined,Very far
0303d9c7-fef9-49fa-93ea-6152fd6d7ebf,Very inclined,Very far,Very far,Very far,Very inclined,Very far
357be20a-1941-421b-af5a-4fb0a3d3a9b3,Very far,Very far,Very far,Very far,Very inclined,Very far
5da1813d-cf6b-481a-8568-0ef866a0ad0a,Far,Very far,Very far,Very far,Inclined,Very far
90f39230-6811-4e76-b62c-8bd69c09ffd1,Very inclined,Very far,Very far,Very far,Very inclined,Very far
c4f37593-e077-4a76-8a6f-758084e97dd2,Very far,Very far,Very far,Very far,Very inclined,Very far
9c430aba-0c7e-486d-bc52-01ab116cd722,Far,Far,Far,Far,Far,Far
6d4d13c6-78f7-4e5a-87c8-c3f72bb9215e,Very far,Very far,Very inclined,Very far,Very far,Very far
b3584cc2-a5f3-4218-afc7-5af00797d6c5,Very inclined,Very inclined,Very inclined,Very inclined,Very inclined,Very inclined
148cb9ec-6d88-4584-9ae6-1e9df1e108bc,Very far,Very far,Very far,Very far,Very inclined,Very far
598e7bfa-7b4b-49f1-a363-f91c24bf851f,Very far,Very far,Very far,Very far,Very inclined,Very far
60974c18-3f97-4f7b-8bcc-e02ba9af6286,Very far,Very far,Very far,Very far,Inclined,Very far
2a53e383-d9e0-4424-a19b-c0820f678490,Very far,Far,Inclined,Far,Inclined,Far
f0facaa6-3b68-4898-93be-d3b29fbe0666,Very far,Very far,Very far,Very far,Very inclined,Very far
d3974ec8-b7ba-487d-b2e4-12976089f29e,Inclined,Far,Very inclined,Far,Very far,Far
e170a62d-7058-484c-bfd6-a4a6eeb0fefc,Very far,Very far,Very far,Very far,Very inclined,Very far
3457c377-637e-432a-8117-4bdb91b242ab,Very far,Very far,Very far,Very far,Very inclined,Very far
eee371a4-0ffc-470c-9e04-bd2feba1ab07,Very far,Very far,Very inclined,Very far,Far,Very far
81f2edf7-3e79-462c-8bcd-38bc91d7695e,Very far,Very far,Very inclined,Very far,Very far,Very far
74abd9ab-febb-4773-a655-ff22442783c7,Very far,Far,Far,Far,Very inclined,Far
d183ce61-e741-4774-b865-08a858f857b2,Very far,Very far,Inclined,Very far,Very inclined,Very far
b1f939e1-8f37-496f-9e75-031099c5a3f9,Far,Very inclined,Very far,Very far,Very inclined,Very far
99696b54-07aa-4828-b600-81979cab7cae,Very far,Very far,Very far,Very far,Very inclined,Very far
8a9e9e17-2702-4df8-a08d-fc8bd8b0f61a,Very inclined,Very inclined,Very inclined,Very inclined,Very far,Very inclined
5f5824a0-4fe1-470e-bcfe-f6c35de7c6c9,Very far,Very far,Very far,Very far,Very inclined,Very far
7ecf50ef-27bb-41ac-9ae6-0c3cb8661a9d,Very far,Very far,Very far,Very far,Very inclined,Very far
a0553f94-34d8-4feb-92d7-79ba3b7ba466,Very far,Very inclined,Very far,Very far,Very inclined,Very far
5c2a3daa-4d35-4a20-925c-fd098cd7e17d,Inclined,Very far,Very inclined,Very far,Far,Very far
4fccc9c2-48a9-4600-9310-2ba630f51bb9,Very far,Very far,Far,Very far,Inclined,Very far
0dfb0530-9594-4b30-9aa8-b49e6e99ce44,Very far,Very far,Very far,Very far,Inclined,Very far
7486253d-7441-4bd8-8bd5-df8c2e7bb4ee,Far,Far,Inclined,Far,Inclined,Inclined
491521d7-4502-4433-af38-962f9fe9be3a,Very far,Very far,Very far,Very far,Very inclined,Very far
089e7ccb-de4e-4e7d-ab4e-787755c4f43e,Far,Very far,Inclined,Very far,Very inclined,Far
1b6a68d2-21cc-4357-963d-01845b8d4b08,Very far,Very far,Very inclined,Very far,Very far,Very far
d0c123f5-7ca2-46b7-ac44-3ac5f246cb80,Very far,Very far,Far,Very far,Inclined,Very far
1a5aa154-c4c9-453a-ac65-b503acd26d76,Far,Inclined,Far,Inclined,Very far,Far
462c0e1a-6643-4bb1-9c0f-b576ad39e265,Very far,Very far,Very inclined,Very far,Very inclined,Very far
f6f6adac-53f3-4e95-bfe3-ae3967b37eec,Far,Very far,Inclined,Very far,Far,Very far
a29e41c2-8f78-429b-96f5-285944901d0e,Very far,Very far,Far,Very far,Inclined,Inclined
3d84aa80-eeef-45ba-942a-73025118c241,Very far,Very far,Very far,Very far,Very inclined,Very far
23c9c28b-ca0d-41ff-8aa4-08ecd2887be4,Far,Far,Far,Far,Far,Inclined
a214937f-1989-4d37-b1e5-c5dd3d134dc5,Very inclined,Very far,Very far,Very far,Very inclined,Very far
3a9ae94f-47a1-438d-88b7-0227ec2708b4,Very far,Very far,Very far,Very far,Very inclined,Very far
fe4c9aa5-a11e-4d70-8279-5caea672a690,Very inclined,Very far,Far,Very far,Far,Very far
eb9a4764-7493-4918-a532-856c8f28faa1,Very far,Very far,Very far,Very far,Very inclined,Very far
b0bc20f0-a6b2-4af2-a0bb-1893c06270c0,Very far,Very far,Very inclined,Very far,Very far,Very far
0cd622cc-97f2-4c28-9b0d-ce4d1ea7c673,Very far,Far,Very far,Far,Very far,Very far
c4d23648-4839-455a-a0ef-3eda87259acc,Very far,Very far,Very far,Very far,Very inclined,Very far
7bc37a0a-9273-41e3-8f3c-2ff66cdfa1f7,Very far,Very far,Very far,Very far,Very inclined,Very far
89f30e72-c4eb-4d28-b20a-8e4cec328f62,Very far,Very far,Inclined,Very far,Inclined,Very far
1a0e3465-3ce2-4206-a3bd-421f47c45947,Very far,Very far,Very far,Very far,Very inclined,Very far
4c2a6fb7-6375-46e6-8733-eaa82fe9e3cd,Far,Far,Far,Far,Inclined,Far
372ad4e1-05b7-4c58-8f6c-4dcda2d7e633,Very far,Very far,Very far,Very far,Very inclined,Very far
5debd483-decc-43c9-a548-3118bdbebf61,Very far,Very far,Far,Very far,Inclined,Inclined
1208942b-5289-4d68-ac05-ebfc14f6a16d,Very far,Very far,Far,Very far,Inclined,Far
39fd9b08-71a3-4456-9496-4bcc86adb68a,Very inclined,Very inclined,Very inclined,Very inclined,Inclined,Inclined
5085376e-54d6-47d8-90c2-46d4d2f965c5,Very far,Very far,Very far,Very far,Inclined,Very far
42e963ba-ff30-4031-bfa8-5eb0740d2f6c,Very far,Very far,Very inclined,Very far,Very far,Very far
064d9d88-a7cb-47b3-bdfe-e76f85670bcf,Very far,Very far,Very far,Very far,Inclined,Very far
fc8b5bfd-2de3-4dba-bb1d-04da7873c3b3,Very inclined,Very far,Very inclined,Very far,Very far,Very far
e0e6c8a5-d306-4ad0-ae22-b58dcda7978f,Inclined,Inclined,Inclined,Inclined,Inclined,Inclined
089aa869-5498-412a-88e5-17978a310ab6,Very far,Very far,Very far,Very far,Very inclined,Very far
8720e8b2-78f7-4cbd-81ea-d612b04bc1e5,Very far,Very far,Very far,Very far,Very inclined,Very far
27dda317-6347-4881-8e91-1e1e2c7b5a72,Very far,Very far,Very inclined,Very far,Inclined,Very far
8586582c-7d44-4f03-9ed9-b23321e5c9ce,Very far,Very far,Very far,Very far,Very inclined,Very far
09508e4e-a400-4216-9604-100534575953,Inclined,Inclined,Inclined,Inclined,Inclined,
25fe0b31-96c3-41e3-a3b3-d99e7008b4a1,Very far,Very inclined,Inclined,Very inclined,Inclined,Very inclined
5c2ce04b-a9ac-459d-b3e4-b73d684a3de0,Very far,Very far,Very inclined,Very far,Very far,Very far
6c111285-a1c2-45a7-adea-38dd307cbfc8,Very far,Very far,Inclined,Very far,Very far,Very far
036a727f-ac05-4ce4-b49f-58800fa86e96,Very far,Very far,Very far,Very far,Very inclined,Very far
223c58a3-c1ed-47b6-937b-6e13a8abdda4,Very far,Very far,Very far,Very far,Very inclined,Very far
69b8e86d-75bf-4a2f-8f2c-7feef55011cc,Very far,Very far,Inclined,Very far,Inclined,Very far
a3bed8ce-6d59-439c-9040-71815c32acd5,Very far,Very far,Very inclined,Very far,Very far,Very far
8becb135-061d-4fec-bb48-4aeeda122438,Very far,Very far,Inclined,Very far,Very inclined,Very far
9b064935-c211-4f6d-80de-066222a670b2,Very far,Very far,Very far,Very far,Very far,Very inclined
49db8ded-5753-4fe4-aeff-7c5426a6e549,Very far,Very far,Very inclined,Very far,Very far,Very far
474076c9-303a-4832-943e-efb4227b789d,Very far,Very far,Inclined,Very far,Very inclined,Inclined
6e13e9c2-9372-4ae9-8655-99252ad4063e,Very far,Very far,Inclined,Very far,Very inclined,Very far
6d987425-026c-4ab9-9138-4aaf662eb005,Very far,Very far,Very inclined,Very far,Inclined,Very far
2fc1a32f-8fdd-43d0-ad1a-bd7ac9c84b41,Very far,Very far,Very far,Very far,Very inclined,Very far
906933fa-b902-4836-84e8-5cf7ad369ef1,Very far,Very far,Very inclined,Very far,Very inclined,Very far
f9b8f0e9-da32-4bcd-be6b-e674cf0bfdbf,Very far,Very far,Very far,Very far,Very inclined,Very far
ae7e43f0-f377-4fc5-9907-a75ce8a40387,Very far,Very far,Very far,Very far,Very inclined,Very far
5e68b1f2-e86e-4f37-b114-c655321eadd3,Very far,Very far,Very far,Very far,Very inclined,Very far
ec7e012d-69d0-4844-b65f-543ef0765408,Very far,Very far,Very far,Very far,Inclined,Far
dd138e45-6981-420f-92b7-98960e20d178,Inclined,Very far,Far,Very far,Very far,Far
88f7a26a-86cb-4ec7-90eb-19e498ecd099,Inclined,Very far,Very far,Very far,Very inclined,Very far
1f358999-18f8-4ca3-b8df-10122bb491e4,Very far,Very far,Very inclined,Very far,Very far,Very far
541225de-57e8-418e-a00f-19c45556add3,Very far,Very far,Very far,Very far,Very inclined,Very far
d2c5ce38-37ac-4c09-b1e4-f84eb46aa7d5,Very inclined,Very far,Very inclined,Very far,Very far,Very far
e7f7bd88-6aba-4cb3-829c-d6a999881e1d,Very inclined,Very far,Inclined,Very far,Very far,Very far
f39d7d59-2927-42cf-ac97-3462bf3ded55,Very far,Very far,Far,Very far,Inclined,Very far
6ea6bd37-f720-4cae-b2c4-204088bb0b25,Very far,Very far,Very far,Very far,Very inclined,Very far
26da588a-d9ef-48c9-85d3-3b0d229699f6,Very far,Very far,Very far,Very far,Very inclined,Very far
6f375f09-584d-48d1-bad5-30a1e198d8e3,Far,Very far,Far,Very far,Very inclined,Far
e788eb36-4ba3-47b2-b79f-51edb2766d57,Very far,Very far,Very far,,Very inclined,Very far
e47bd74a-6640-459e-9d93-85cf38c827c0,Very far,Very far,Very far,Very far,Very inclined,Inclined
775a6f0f-6090-498c-8a62-7ae95c0a8119,Very far,Very far,Very far,Very far,Very inclined,Very far
0d4ee5cb-5dc7-4f65-af4f-458208141bdf,Far,Very far,Very inclined,Very far,Very far,Very far
075b8d71-a498-48e5-87bf-e75a59e3053b,Very far,Very far,Very far,Very far,Very inclined,Very far
04d5e21f-2aa0-4e8e-a0c5-4d3a48c43ed3,Very far,Very far,Very inclined,Very far,Very inclined,Very far
29e52d99-b33d-4071-a0cd-eb91a30570b1,Far,Far,Far,Far,Inclined,Far
7eccbb47-59f5-47f1-9ab7-fa417cc34219,Inclined,Very far,Very inclined,Inclined,Very far,Very far
cadefe2e-7f35-4c5d-bf97-2b54b2771f74,Very far,Very far,Inclined,Very far,Inclined,Inclined
efd6bb2b-7c78-41aa-940a-d2de83fe47e6,Very inclined,Very far,Very inclined,Very inclined,Very far,Very far
0e92b17d-686c-465d-8e67-8cd8bf9431e3,Far,Very far,Inclined,Very far,Far,Far
1fbe85e7-69f4-48af-8be1-d3edfdefcc34,Very far,Inclined,Very far,Very far,Very inclined,Very far
f9c505e2-8f8c-4f13-9529-4fb3d690f8ae,Very far,Very far,Very far,Very far,Very inclined,Very far
b69e22d4-25cd-4a71-a60b-b75ca054d029,Very far,Very far,Very far,Very far,Very inclined,Very far
f7b90e3d-cc8b-42c9-b041-70ef0444f596,Very far,Very far,Very far,Very far,Very inclined,Very far
